896308,a6-enf,ARE,b77w,Boeing 777-31H,Emirates,https://cdn.jetphotos.com/full/6/23977_1553464210.jpg
345205,ec-mkx,ESP,a319,Airbus A319-111,Vueling,https://cdn.jetphotos.com/full/5/10458_1548721098.jpg
4ca61f,ei-dws,IRL,b738,Boeing 737-8AS,Ryanair,https://cdn.jetphotos.com/full/5/42978_1552075344.jpg
4ca806,ei-ekh,IRL,b738,Boeing 737-8AS,Ryanair,https://cdn.jetphotos.com/full/6/57811_1569852336.jpg
3451d3,ec-mkm,ESP,a320,Airbus A320-232,Vueling,https://cdn.jetphotos.com/full/5/79227_1568032603.jpg
342592,ec-kjd,ESP,a320,Airbus A320-216,Vueling,https://cdn.jetphotos.com/full/5/84475_1542228713.jpg
344441,ec-lvc,ESP,a320,Airbus A320-214,Vueling,https://cdn.jetphotos.com/full/6/29921_1515177889.jpg
4ca621,ei-dwt,IRL,b738,Boeing 737-8AS,Ryanair,https://cdn.jetphotos.com/full/6/65644_1570797144.jpg
4ca548,ei-fht,NOR,b738,Boeing 737-8JP,Norwegian,https://cdn.jetphotos.com/full/5/80814_1569219375.jpg
4ca5f3,ei-fon,IRL,b738,Boeing 737-8AS,Ryanair,https://cdn.jetphotos.com/full/5/91849_1570653300.jpg
3443d2,ec-luo,ESP,a320,Airbus A320-232,Vueling,https://cdn.jetphotos.com/full/5/54469_1568205287.jpg
4ca5f7,ei-fje,NOR,b738,Boeing 737-8JP,Norwegian,https://cdn.jetphotos.com/full/5/63750_1570792964.jpg
3444cf,ec-lzn,ESP,a320,Airbus A320-214,Vueling,https://cdn.jetphotos.com/full/6/49708_1570466322.jpg
344548,ec-mbl,ESP,a320,Airbus A320-214,Vueling,https://cdn.jetphotos.com/full/6/88770_1565552306.jpg
3444c8,ec-mbk,ESP,a320,Airbus A320-214,Vueling,https://cdn.jetphotos.com/full/6/63235_1568836303.jpg
4ca5e9,ei-fod,IRL,b738,Boeing 737-8AS,Ryanair,https://cdn.jetphotos.com/full/5/98948_1548697870.jpg
4242ee,vp-bzb,RUS,b738,Boeing 737-8LJ,Aeroflot,https://cdn.jetphotos.com/full/6/17171_1555789844.jpg
4ca676,ei-fos,IRL,b738,Boeing 737-8AS,Ryanair,https://cdn.jetphotos.com/full/6/47082_1558196271.jpg
344282,ec-lqk,ESP,a320,Airbus A320-232,Vueling,https://cdn.jetphotos.com/full/5/41875_1562225218.jpg
344691,ec-meq,ESP,a320,Airbus A320-232,Vueling,https://cdn.jetphotos.com/full/6/76820_1566050444.jpg
34469a,ec-mgz,ESP,a321,Airbus A321-231,Vueling,https://cdn.jetphotos.com/full/5/53580_1565502972.jpg
4ca547,ei-fhr,NOR,b738,Boeing 737-8JP,Norwegian,https://cdn.jetphotos.com/full/5/31429_1569133759.jpg
4ca767,ei-efl,IRL,b738,Boeing 737-8AS,Ryanair,https://cdn.jetphotos.com/full/5/29648_1455998224.jpg
343386,ec-lab,ESP,a320,Airbus A320-214,Vueling,https://cdn.jetphotos.com/full/5/40201_1559979016.jpg
3444ca,ec-mai,ESP,a320,Airbus A320-214,Vueling,https://cdn.jetphotos.com/full/6/53121_1557006139.jpg
504e2e,er-axl,MDA,a319,Airbus A319-112,Air Moldova,https://cdn.jetphotos.com/full/5/67147_1553713689.jpg
4ca1c3,ei-dal,IRL,b738,Boeing 737-8AS,Ryanair,https://cdn.jetphotos.com/full/5/52910_1556360368.jpg
4ca806,ei-ekh,IRL,b738,Boeing 737-8AS,Ryanair,https://cdn.jetphotos.com/full/6/57811_1569852336.jpg